username,firstName,lastName,email,password,phone
user001,John,Smith,john.smith001@example.com,Pass001!,555-123-0001
user002,Mary,Johnson,mary.johnson002@example.com,Pass002!,555-123-0002
user003,Robert,Williams,robert.williams003@example.com,Pass003!,555-123-0003
user004,Patricia,Brown,patricia.brown004@example.com,Pass004!,555-123-0004
user005,James,Jones,james.jones005@example.com,Pass005!,555-123-0005
user006,Jennifer,Miller,jennifer.miller006@example.com,Pass006!,555-123-0006
user007,Michael,Davis,michael.davis007@example.com,Pass007!,555-123-0007
user008,Linda,Garcia,linda.garcia008@example.com,Pass008!,555-123-0008
user009,William,Rodriguez,william.rodriguez009@example.com,Pass009!,555-123-0009
user010,Elizabeth,Wilson,elizabeth.wilson010@example.com,Pass010!,555-123-0010
user011,David,Martinez,david.martinez011@example.com,Pass011!,555-123-0011
user012,Barbara,Anderson,barbara.anderson012@example.com,Pass012!,555-123-0012
user013,Richard,Taylor,richard.taylor013@example.com,Pass013!,555-123-0013
user014,Susan,Thomas,susan.thomas014@example.com,Pass014!,555-123-0014
user015,Joseph,Hernandez,joseph.hernandez015@example.com,Pass015!,555-123-0015
user016,Jessica,Moore,jessica.moore016@example.com,Pass016!,555-123-0016
user017,Thomas,Martin,thomas.martin017@example.com,Pass017!,555-123-0017
user018,Sarah,Jackson,sarah.jackson018@example.com,Pass018!,555-123-0018
user019,Charles,Thompson,charles.thompson019@example.com,Pass019!,555-123-0019
user020,Karen,White,karen.white020@example.com,Pass020!,555-123-0020
user021,Christopher,Lopez,christopher.lopez021@example.com,Pass021!,555-123-0021
user022,Nancy,Lee,nancy.lee022@example.com,Pass022!,555-123-0022
user023,Daniel,Gonzalez,daniel.gonzalez023@example.com,Pass023!,555-123-0023
user024,Margaret,Harris,margaret.harris024@example.com,Pass024!,555-123-0024
user025,Paul,Clark,paul.clark025@example.com,Pass025!,555-123-0025
user026,Lisa,Lewis,lisa.lewis026@example.com,Pass026!,555-123-0026
user027,Mark,Robinson,mark.robinson027@example.com,Pass027!,555-123-0027
user028,Betty,Walker,betty.walker028@example.com,Pass028!,555-123-0028
user029,Donald,Perez,donald.perez029@example.com,Pass029!,555-123-0029
user030,Dorothy,Hall,dorothy.hall030@example.com,Pass030!,555-123-0030
user031,George,Young,george.young031@example.com,Pass031!,555-123-0031
user032,Sandra,Allen,sandra.allen032@example.com,Pass032!,555-123-0032
user033,Kenneth,Sanchez,kenneth.sanchez033@example.com,Pass033!,555-123-0033
user034,Ashley,Wright,ashley.wright034@example.com,Pass034!,555-123-0034
user035,Steven,King,steven.king035@example.com,Pass035!,555-123-0035
user036,Kimberly,Scott,kimberly.scott036@example.com,Pass036!,555-123-0036
user037,Edward,Green,edward.green037@example.com,Pass037!,555-123-0037
user038,Carol,Adams,carol.adams038@example.com,Pass038!,555-123-0038
user039,Brian,Baker,brian.baker039@example.com,Pass039!,555-123-0039
user040,Amanda,Gonzalez,amanda.gonzalez040@example.com,Pass040!,555-123-0040
user041,Ronald,Nelson,ronald.nelson041@example.com,Pass041!,555-123-0041
user042,Melissa,Hill,melissa.hill042@example.com,Pass042!,555-123-0042
user043,Anthony,Ramirez,anthony.ramirez043@example.com,Pass043!,555-123-0043
user044,Deborah,Campbell,deborah.campbell044@example.com,Pass044!,555-123-0044
user045,Kevin,Mitchell,kevin.mitchell045@example.com,Pass045!,555-123-0045
user046,Stephanie,Roberts,stephanie.roberts046@example.com,Pass046!,555-123-0046
user047,Jason,Carter,jason.carter047@example.com,Pass047!,555-123-0047
user048,Rebecca,Phillips,rebecca.phillips048@example.com,Pass048!,555-123-0048
user049,Jeffrey,Evans,jeffrey.evans049@example.com,Pass049!,555-123-0049
user050,Laura,Turner,laura.turner050@example.com,Pass050!,555-123-0050
user051,Ryan,Torres,ryan.torres051@example.com,Pass051!,555-123-0051
user052,Cynthia,Parker,cynthia.parker052@example.com,Pass052!,555-123-0052
user053,Gary,Collins,gary.collins053@example.com,Pass053!,555-123-0053
user054,Kathleen,Edwards,kathleen.edwards054@example.com,Pass054!,555-123-0054
user055,Nicholas,Stewart,nicholas.stewart055@example.com,Pass055!,555-123-0055
user056,Christina,Flores,christina.flores056@example.com,Pass056!,555-123-0056
user057,Eric,Morris,eric.morris057@example.com,Pass057!,555-123-0057
user058,Helen,Nguyen,helen.nguyen058@example.com,Pass058!,555-123-0058
user059,Stephen,Murphy,stephen.murphy059@example.com,Pass059!,555-123-0059
user060,Debra,Rivera,debra.rivera060@example.com,Pass060!,555-123-0060
user061,Timothy,Cook,timothy.cook061@example.com,Pass061!,555-123-0061
user062,Amy,Rogers,amy.rogers062@example.com,Pass062!,555-123-0062
user063,Larry,Morgan,larry.morgan063@example.com,Pass063!,555-123-0063
user064,Angela,Peterson,angela.peterson064@example.com,Pass064!,555-123-0064
user065,Justin,Cooper,justin.cooper065@example.com,Pass065!,555-123-0065
user066,Pamela,Reed,pamela.reed066@example.com,Pass066!,555-123-0066
user067,Scott,Bailey,scott.bailey067@example.com,Pass067!,555-123-0067
user068,Christine,Bell,christine.bell068@example.com,Pass068!,555-123-0068
user069,Brandon,Gomez,brandon.gomez069@example.com,Pass069!,555-123-0069
user070,Kathleen,Kelly,kathleen.kelly070@example.com,Pass070!,555-123-0070
user071,Raymond,Howard,raymond.howard071@example.com,Pass071!,555-123-0071
user072,Catherine,Ward,catherine.ward072@example.com,Pass072!,555-123-0072
user073,Gregory,Cox,gregory.cox073@example.com,Pass073!,555-123-0073
user074,Nicole,Diaz,nicole.diaz074@example.com,Pass074!,555-123-0074
user075,Samuel,Richardson,samuel.richardson075@example.com,Pass075!,555-123-0075
user076,Virginia,Wood,virginia.wood076@example.com,Pass076!,555-123-0076
user077,Patrick,Watson,patrick.watson077@example.com,Pass077!,555-123-0077
user078,Rachel,Brooks,rachel.brooks078@example.com,Pass078!,555-123-0078
user079,Dennis,Chavez,dennis.chavez079@example.com,Pass079!,555-123-0079
user080,Janet,Perry,janet.perry080@example.com,Pass080!,555-123-0080
user081,Alexander,Powell,alexander.powell081@example.com,Pass081!,555-123-0081
user082,Emma,Long,emma.long082@example.com,Pass082!,555-123-0082
user083,Jerry,Patterson,jerry.patterson083@example.com,Pass083!,555-123-0083
user084,Julie,Hughes,julie.hughes084@example.com,Pass084!,555-123-0084
user085,Walter,Flores,walter.flores085@example.com,Pass085!,555-123-0085
user086,Olivia,Washington,olivia.washington086@example.com,Pass086!,555-123-0086
user087,Eugene,Butler,eugene.butler087@example.com,Pass087!,555-123-0087
user088,Sophia,Simmons,sophia.simmons088@example.com,Pass088!,555-123-0088
user089,Peter,Foster,peter.foster089@example.com,Pass089!,555-123-0089
user090,Mia,Gonzales,mia.gonzales090@example.com,Pass090!,555-123-0090
user091,Harry,Bryant,harry.bryant091@example.com,Pass091!,555-123-0091
user092,Ava,Alexander,ava.alexander092@example.com,Pass092!,555-123-0092
user093,Arthur,Russell,arthur.russell093@example.com,Pass093!,555-123-0093
user094,Charlotte,Griffin,charlotte.griffin094@example.com,Pass094!,555-123-0094
user095,Frank,Diaz,frank.diaz095@example.com,Pass095!,555-123-0095
user096,Isabella,Hayes,isabella.hayes096@example.com,Pass096!,555-123-0096
user097,Lawrence,Myers,lawrence.myers097@example.com,Pass097!,555-123-0097
user098,Ella,Ford,ella.ford098@example.com,Pass098!,555-123-0098
user099,Albert,Hamilton,albert.hamilton099@example.com,Pass099!,555-123-0099
user100,Grace,Graham,grace.graham100@example.com,Pass100!,555-123-0100
